{
    "acc": 0.9341463414634147,
    "prec": 0.9134146341463415,
    "rec": 0.9341463414634147,
    "f1": 0.9199186991869918
}