{
    "acc": 0.9292682926829269,
    "prec": 0.8985772357723576,
    "rec": 0.9292682926829269,
    "f1": 0.9082926829268292
}