{
    "acc": 0.9048780487804878,
    "prec": 0.8672764227642278,
    "rec": 0.9048780487804878,
    "f1": 0.8790243902439023
}