{
    "acc": 0.9536585365853658,
    "prec": 0.9360569105691057,
    "rec": 0.9536585365853658,
    "f1": 0.9412195121951219
}