{
    "acc": 0.9390243902439024,
    "prec": 0.9159349593495935,
    "rec": 0.9390243902439024,
    "f1": 0.9226829268292683
}