{
    "acc": 0.975609756097561,
    "prec": 0.9654471544715448,
    "rec": 0.975609756097561,
    "f1": 0.96869918699187
}