{
    "acc": 0.8926829268292683,
    "prec": 0.8522357723577236,
    "rec": 0.8926829268292683,
    "f1": 0.8647154471544715
}