{
    "acc": 0.8609756097560975,
    "prec": 0.8085365853658537,
    "rec": 0.8609756097560975,
    "f1": 0.8247154471544715
}