{
    "acc": 0.724390243902439,
    "prec": 0.6577642276422764,
    "rec": 0.724390243902439,
    "f1": 0.6773170731707316
}