{
    "acc": 0.8317073170731707,
    "prec": 0.7945354239256678,
    "rec": 0.8317073170731707,
    "f1": 0.805650406504065
}