{
    "acc": 0.7975609756097561,
    "prec": 0.7414634146341463,
    "rec": 0.7975609756097561,
    "f1": 0.7584552845528456
}