{
    "acc": 0.9853658536585366,
    "prec": 0.9788617886178863,
    "rec": 0.9853658536585366,
    "f1": 0.9808943089430894
}