{
    "acc": 0.9292682926829269,
    "prec": 0.8983739837398373,
    "rec": 0.9292682926829269,
    "f1": 0.9085365853658537
}