{
    "acc": 0.9853658536585366,
    "prec": 0.9780487804878049,
    "rec": 0.9853658536585366,
    "f1": 0.9804878048780488
}