{
    "acc": 0.8414634146341463,
    "prec": 0.7800813008130081,
    "rec": 0.8414634146341463,
    "f1": 0.7986178861788618
}