{
    "acc": 0.8975609756097561,
    "prec": 0.8597560975609756,
    "rec": 0.8975609756097561,
    "f1": 0.8719512195121951
}