{
    "acc": 0.9658536585365853,
    "prec": 0.9516260162601625,
    "rec": 0.9658536585365853,
    "f1": 0.9560975609756097
}