{
    "acc": 0.9463414634146341,
    "prec": 0.9300813008130082,
    "rec": 0.9463414634146341,
    "f1": 0.9353658536585366
}