{
    "acc": 0.9536585365853658,
    "prec": 0.9351626016260163,
    "rec": 0.9536585365853658,
    "f1": 0.9408130081300812
}