{
    "acc": 0.775609756097561,
    "prec": 0.7073170731707317,
    "rec": 0.775609756097561,
    "f1": 0.7268757259001161
}