{
    "acc": 0.9926829268292683,
    "prec": 0.9890243902439024,
    "rec": 0.9926829268292683,
    "f1": 0.9902439024390244
}