{
    "acc": 0.6268292682926829,
    "prec": 0.5336817653890824,
    "rec": 0.6268292682926829,
    "f1": 0.5591927990708478
}