{
    "acc": 0.7804878048780488,
    "prec": 0.7130081300813008,
    "rec": 0.7804878048780488,
    "f1": 0.7340650406504065
}