{
    "acc": 0.8804878048780488,
    "prec": 0.8412195121951219,
    "rec": 0.8804878048780488,
    "f1": 0.8528455284552845
}