{
    "acc": 0.995615866388309,
    "prec": 0.9935281837160752,
    "rec": 0.995615866388309,
    "f1": 0.994224077940153
}